trial_type,correct_target,trial_path,source_path,target1_path,target2_path,s1_ind,s1_shape,s1_color,s1_size,s1_path,s2_ind,s2_shape,s2_color,s2_size,s2_path,t1_1_ind,t1_1_shape,t1_1_color,t1_1_size,t1_1_path,t1_2_ind,t1_2_shape,t1_2_color,t1_2_size,t1_2_path,t2_1_ind,t2_1_shape,t2_1_color,t2_1_size,t2_1_path,t2_2_ind,t2_2_shape,t2_2_color,t2_2_size,t2_2_path
sameShape,2.0,data/RMTS/trial0/trial.png,data/RMTS/trial0/source_pair.png,data/RMTS/trial0/target1_pair.png,data/RMTS/trial0/target2_pair.png,0.0,triangle,red,small,data/RMTS/trial0/source1.png,0.0,triangle,red,small,data/RMTS/trial0/source2.png,32.0,heart,saddlebrown,small,data/RMTS/trial0/target1_1.png,44.0,cross,saddlebrown,small,data/RMTS/trial0/target1_2.png,52.0,circle,blue,small,data/RMTS/trial0/target2_1.png,52.0,circle,blue,small,data/RMTS/trial0/target2_2.png
sameShape,2.0,data/RMTS/trial1/trial.png,data/RMTS/trial1/source_pair.png,data/RMTS/trial1/target1_pair.png,data/RMTS/trial1/target2_pair.png,1.0,triangle,red,large,data/RMTS/trial1/source1.png,1.0,triangle,red,large,data/RMTS/trial1/source2.png,30.0,heart,purple,small,data/RMTS/trial1/target1_1.png,6.0,triangle,purple,small,data/RMTS/trial1/target1_2.png,66.0,square,purple,small,data/RMTS/trial1/target2_1.png,66.0,square,purple,small,data/RMTS/trial1/target2_2.png
sameShape,2.0,data/RMTS/trial2/trial.png,data/RMTS/trial2/source_pair.png,data/RMTS/trial2/target1_pair.png,data/RMTS/trial2/target2_pair.png,2.0,triangle,green,small,data/RMTS/trial2/source1.png,2.0,triangle,green,small,data/RMTS/trial2/source2.png,46.0,cross,black,small,data/RMTS/trial2/target1_1.png,58.0,circle,black,small,data/RMTS/trial2/target1_2.png,64.0,square,blue,small,data/RMTS/trial2/target2_1.png,64.0,square,blue,small,data/RMTS/trial2/target2_2.png
sameShape,2.0,data/RMTS/trial3/trial.png,data/RMTS/trial3/source_pair.png,data/RMTS/trial3/target1_pair.png,data/RMTS/trial3/target2_pair.png,3.0,triangle,green,large,data/RMTS/trial3/source1.png,3.0,triangle,green,large,data/RMTS/trial3/source2.png,10.0,triangle,black,small,data/RMTS/trial3/target1_1.png,34.0,heart,black,small,data/RMTS/trial3/target1_2.png,56.0,circle,saddlebrown,small,data/RMTS/trial3/target2_1.png,56.0,circle,saddlebrown,small,data/RMTS/trial3/target2_2.png
sameShape,1.0,data/RMTS/trial4/trial.png,data/RMTS/trial4/source_pair.png,data/RMTS/trial4/target1_pair.png,data/RMTS/trial4/target2_pair.png,4.0,triangle,blue,small,data/RMTS/trial4/source1.png,4.0,triangle,blue,small,data/RMTS/trial4/source2.png,61.0,square,red,large,data/RMTS/trial4/target1_1.png,61.0,square,red,large,data/RMTS/trial4/target1_2.png,9.0,triangle,saddlebrown,large,data/RMTS/trial4/target2_1.png,21.0,star,saddlebrown,large,data/RMTS/trial4/target2_2.png
sameShape,1.0,data/RMTS/trial5/trial.png,data/RMTS/trial5/source_pair.png,data/RMTS/trial5/target1_pair.png,data/RMTS/trial5/target2_pair.png,5.0,triangle,blue,large,data/RMTS/trial5/source1.png,5.0,triangle,blue,large,data/RMTS/trial5/source2.png,69.0,square,saddlebrown,large,data/RMTS/trial5/target1_1.png,69.0,square,saddlebrown,large,data/RMTS/trial5/target1_2.png,24.0,heart,red,small,data/RMTS/trial5/target2_1.png,36.0,cross,red,small,data/RMTS/trial5/target2_2.png
sameShape,2.0,data/RMTS/trial6/trial.png,data/RMTS/trial6/source_pair.png,data/RMTS/trial6/target1_pair.png,data/RMTS/trial6/target2_pair.png,6.0,triangle,purple,small,data/RMTS/trial6/source1.png,6.0,triangle,purple,small,data/RMTS/trial6/source2.png,5.0,triangle,blue,large,data/RMTS/trial6/target1_1.png,41.0,cross,blue,large,data/RMTS/trial6/target1_2.png,15.0,star,green,large,data/RMTS/trial6/target2_1.png,15.0,star,green,large,data/RMTS/trial6/target2_2.png
sameShape,1.0,data/RMTS/trial7/trial.png,data/RMTS/trial7/source_pair.png,data/RMTS/trial7/target1_pair.png,data/RMTS/trial7/target2_pair.png,7.0,triangle,purple,large,data/RMTS/trial7/source1.png,7.0,triangle,purple,large,data/RMTS/trial7/source2.png,45.0,cross,saddlebrown,large,data/RMTS/trial7/target1_1.png,45.0,cross,saddlebrown,large,data/RMTS/trial7/target1_2.png,66.0,square,purple,small,data/RMTS/trial7/target2_1.png,6.0,triangle,purple,small,data/RMTS/trial7/target2_2.png
sameShape,2.0,data/RMTS/trial8/trial.png,data/RMTS/trial8/source_pair.png,data/RMTS/trial8/target1_pair.png,data/RMTS/trial8/target2_pair.png,8.0,triangle,saddlebrown,small,data/RMTS/trial8/source1.png,8.0,triangle,saddlebrown,small,data/RMTS/trial8/source2.png,54.0,circle,purple,small,data/RMTS/trial8/target1_1.png,6.0,triangle,purple,small,data/RMTS/trial8/target1_2.png,28.0,heart,blue,small,data/RMTS/trial8/target2_1.png,28.0,heart,blue,small,data/RMTS/trial8/target2_2.png
sameShape,2.0,data/RMTS/trial9/trial.png,data/RMTS/trial9/source_pair.png,data/RMTS/trial9/target1_pair.png,data/RMTS/trial9/target2_pair.png,9.0,triangle,saddlebrown,large,data/RMTS/trial9/source1.png,9.0,triangle,saddlebrown,large,data/RMTS/trial9/source2.png,64.0,square,blue,small,data/RMTS/trial9/target1_1.png,40.0,cross,blue,small,data/RMTS/trial9/target1_2.png,63.0,square,green,large,data/RMTS/trial9/target2_1.png,63.0,square,green,large,data/RMTS/trial9/target2_2.png
sameShape,1.0,data/RMTS/trial10/trial.png,data/RMTS/trial10/source_pair.png,data/RMTS/trial10/target1_pair.png,data/RMTS/trial10/target2_pair.png,10.0,triangle,black,small,data/RMTS/trial10/source1.png,10.0,triangle,black,small,data/RMTS/trial10/source2.png,68.0,square,saddlebrown,small,data/RMTS/trial10/target1_1.png,68.0,square,saddlebrown,small,data/RMTS/trial10/target1_2.png,19.0,star,purple,large,data/RMTS/trial10/target2_1.png,7.0,triangle,purple,large,data/RMTS/trial10/target2_2.png
sameShape,2.0,data/RMTS/trial11/trial.png,data/RMTS/trial11/source_pair.png,data/RMTS/trial11/target1_pair.png,data/RMTS/trial11/target2_pair.png,11.0,triangle,black,large,data/RMTS/trial11/source1.png,11.0,triangle,black,large,data/RMTS/trial11/source2.png,18.0,star,purple,small,data/RMTS/trial11/target1_1.png,66.0,square,purple,small,data/RMTS/trial11/target1_2.png,51.0,circle,green,large,data/RMTS/trial11/target2_1.png,51.0,circle,green,large,data/RMTS/trial11/target2_2.png
sameShape,2.0,data/RMTS/trial12/trial.png,data/RMTS/trial12/source_pair.png,data/RMTS/trial12/target1_pair.png,data/RMTS/trial12/target2_pair.png,12.0,star,red,small,data/RMTS/trial12/source1.png,12.0,star,red,small,data/RMTS/trial12/source2.png,11.0,triangle,black,large,data/RMTS/trial12/target1_1.png,35.0,heart,black,large,data/RMTS/trial12/target1_2.png,55.0,circle,purple,large,data/RMTS/trial12/target2_1.png,55.0,circle,purple,large,data/RMTS/trial12/target2_2.png
sameShape,1.0,data/RMTS/trial13/trial.png,data/RMTS/trial13/source_pair.png,data/RMTS/trial13/target1_pair.png,data/RMTS/trial13/target2_pair.png,13.0,star,red,large,data/RMTS/trial13/source1.png,13.0,star,red,large,data/RMTS/trial13/source2.png,57.0,circle,saddlebrown,large,data/RMTS/trial13/target1_1.png,57.0,circle,saddlebrown,large,data/RMTS/trial13/target1_2.png,15.0,star,green,large,data/RMTS/trial13/target2_1.png,27.0,heart,green,large,data/RMTS/trial13/target2_2.png
sameShape,1.0,data/RMTS/trial14/trial.png,data/RMTS/trial14/source_pair.png,data/RMTS/trial14/target1_pair.png,data/RMTS/trial14/target2_pair.png,14.0,star,green,small,data/RMTS/trial14/source1.png,14.0,star,green,small,data/RMTS/trial14/source2.png,7.0,triangle,purple,large,data/RMTS/trial14/target1_1.png,7.0,triangle,purple,large,data/RMTS/trial14/target1_2.png,61.0,square,red,large,data/RMTS/trial14/target2_1.png,13.0,star,red,large,data/RMTS/trial14/target2_2.png
sameShape,1.0,data/RMTS/trial15/trial.png,data/RMTS/trial15/source_pair.png,data/RMTS/trial15/target1_pair.png,data/RMTS/trial15/target2_pair.png,15.0,star,green,large,data/RMTS/trial15/source1.png,15.0,star,green,large,data/RMTS/trial15/source2.png,5.0,triangle,blue,large,data/RMTS/trial15/target1_1.png,5.0,triangle,blue,large,data/RMTS/trial15/target1_2.png,42.0,cross,purple,small,data/RMTS/trial15/target2_1.png,18.0,star,purple,small,data/RMTS/trial15/target2_2.png
sameShape,1.0,data/RMTS/trial16/trial.png,data/RMTS/trial16/source_pair.png,data/RMTS/trial16/target1_pair.png,data/RMTS/trial16/target2_pair.png,16.0,star,blue,small,data/RMTS/trial16/source1.png,16.0,star,blue,small,data/RMTS/trial16/source2.png,58.0,circle,black,small,data/RMTS/trial16/target1_1.png,58.0,circle,black,small,data/RMTS/trial16/target1_2.png,3.0,triangle,green,large,data/RMTS/trial16/target2_1.png,39.0,cross,green,large,data/RMTS/trial16/target2_2.png
sameShape,2.0,data/RMTS/trial17/trial.png,data/RMTS/trial17/source_pair.png,data/RMTS/trial17/target1_pair.png,data/RMTS/trial17/target2_pair.png,17.0,star,blue,large,data/RMTS/trial17/source1.png,17.0,star,blue,large,data/RMTS/trial17/source2.png,44.0,cross,saddlebrown,small,data/RMTS/trial17/target1_1.png,68.0,square,saddlebrown,small,data/RMTS/trial17/target1_2.png,26.0,heart,green,small,data/RMTS/trial17/target2_1.png,26.0,heart,green,small,data/RMTS/trial17/target2_2.png
sameShape,1.0,data/RMTS/trial18/trial.png,data/RMTS/trial18/source_pair.png,data/RMTS/trial18/target1_pair.png,data/RMTS/trial18/target2_pair.png,18.0,star,purple,small,data/RMTS/trial18/source1.png,18.0,star,purple,small,data/RMTS/trial18/source2.png,49.0,circle,red,large,data/RMTS/trial18/target1_1.png,49.0,circle,red,large,data/RMTS/trial18/target1_2.png,31.0,heart,purple,large,data/RMTS/trial18/target2_1.png,43.0,cross,purple,large,data/RMTS/trial18/target2_2.png
sameShape,2.0,data/RMTS/trial19/trial.png,data/RMTS/trial19/source_pair.png,data/RMTS/trial19/target1_pair.png,data/RMTS/trial19/target2_pair.png,19.0,star,purple,large,data/RMTS/trial19/source1.png,19.0,star,purple,large,data/RMTS/trial19/source2.png,66.0,square,purple,small,data/RMTS/trial19/target1_1.png,6.0,triangle,purple,small,data/RMTS/trial19/target1_2.png,59.0,circle,black,large,data/RMTS/trial19/target2_1.png,59.0,circle,black,large,data/RMTS/trial19/target2_2.png
sameShape,1.0,data/RMTS/trial20/trial.png,data/RMTS/trial20/source_pair.png,data/RMTS/trial20/target1_pair.png,data/RMTS/trial20/target2_pair.png,20.0,star,saddlebrown,small,data/RMTS/trial20/source1.png,20.0,star,saddlebrown,small,data/RMTS/trial20/source2.png,30.0,heart,purple,small,data/RMTS/trial20/target1_1.png,30.0,heart,purple,small,data/RMTS/trial20/target1_2.png,70.0,square,black,small,data/RMTS/trial20/target2_1.png,10.0,triangle,black,small,data/RMTS/trial20/target2_2.png
sameShape,2.0,data/RMTS/trial21/trial.png,data/RMTS/trial21/source_pair.png,data/RMTS/trial21/target1_pair.png,data/RMTS/trial21/target2_pair.png,21.0,star,saddlebrown,large,data/RMTS/trial21/source1.png,21.0,star,saddlebrown,large,data/RMTS/trial21/source2.png,59.0,circle,black,large,data/RMTS/trial21/target1_1.png,71.0,square,black,large,data/RMTS/trial21/target1_2.png,51.0,circle,green,large,data/RMTS/trial21/target2_1.png,51.0,circle,green,large,data/RMTS/trial21/target2_2.png
sameShape,2.0,data/RMTS/trial22/trial.png,data/RMTS/trial22/source_pair.png,data/RMTS/trial22/target1_pair.png,data/RMTS/trial22/target2_pair.png,22.0,star,black,small,data/RMTS/trial22/source1.png,22.0,star,black,small,data/RMTS/trial22/source2.png,3.0,triangle,green,large,data/RMTS/trial22/target1_1.png,15.0,star,green,large,data/RMTS/trial22/target1_2.png,2.0,triangle,green,small,data/RMTS/trial22/target2_1.png,2.0,triangle,green,small,data/RMTS/trial22/target2_2.png
sameShape,1.0,data/RMTS/trial23/trial.png,data/RMTS/trial23/source_pair.png,data/RMTS/trial23/target1_pair.png,data/RMTS/trial23/target2_pair.png,23.0,star,black,large,data/RMTS/trial23/source1.png,23.0,star,black,large,data/RMTS/trial23/source2.png,52.0,circle,blue,small,data/RMTS/trial23/target1_1.png,52.0,circle,blue,small,data/RMTS/trial23/target1_2.png,25.0,heart,red,large,data/RMTS/trial23/target2_1.png,13.0,star,red,large,data/RMTS/trial23/target2_2.png
sameShape,1.0,data/RMTS/trial24/trial.png,data/RMTS/trial24/source_pair.png,data/RMTS/trial24/target1_pair.png,data/RMTS/trial24/target2_pair.png,24.0,heart,red,small,data/RMTS/trial24/source1.png,24.0,heart,red,small,data/RMTS/trial24/source2.png,43.0,cross,purple,large,data/RMTS/trial24/target1_1.png,43.0,cross,purple,large,data/RMTS/trial24/target1_2.png,23.0,star,black,large,data/RMTS/trial24/target2_1.png,71.0,square,black,large,data/RMTS/trial24/target2_2.png
sameShape,1.0,data/RMTS/trial25/trial.png,data/RMTS/trial25/source_pair.png,data/RMTS/trial25/target1_pair.png,data/RMTS/trial25/target2_pair.png,25.0,heart,red,large,data/RMTS/trial25/source1.png,25.0,heart,red,large,data/RMTS/trial25/source2.png,18.0,star,purple,small,data/RMTS/trial25/target1_1.png,18.0,star,purple,small,data/RMTS/trial25/target1_2.png,44.0,cross,saddlebrown,small,data/RMTS/trial25/target2_1.png,32.0,heart,saddlebrown,small,data/RMTS/trial25/target2_2.png
sameShape,2.0,data/RMTS/trial26/trial.png,data/RMTS/trial26/source_pair.png,data/RMTS/trial26/target1_pair.png,data/RMTS/trial26/target2_pair.png,26.0,heart,green,small,data/RMTS/trial26/source1.png,26.0,heart,green,small,data/RMTS/trial26/source2.png,37.0,cross,red,large,data/RMTS/trial26/target1_1.png,13.0,star,red,large,data/RMTS/trial26/target1_2.png,44.0,cross,saddlebrown,small,data/RMTS/trial26/target2_1.png,44.0,cross,saddlebrown,small,data/RMTS/trial26/target2_2.png
sameShape,2.0,data/RMTS/trial27/trial.png,data/RMTS/trial27/source_pair.png,data/RMTS/trial27/target1_pair.png,data/RMTS/trial27/target2_pair.png,27.0,heart,green,large,data/RMTS/trial27/source1.png,27.0,heart,green,large,data/RMTS/trial27/source2.png,43.0,cross,purple,large,data/RMTS/trial27/target1_1.png,55.0,circle,purple,large,data/RMTS/trial27/target1_2.png,69.0,square,saddlebrown,large,data/RMTS/trial27/target2_1.png,69.0,square,saddlebrown,large,data/RMTS/trial27/target2_2.png
sameShape,1.0,data/RMTS/trial28/trial.png,data/RMTS/trial28/source_pair.png,data/RMTS/trial28/target1_pair.png,data/RMTS/trial28/target2_pair.png,28.0,heart,blue,small,data/RMTS/trial28/source1.png,28.0,heart,blue,small,data/RMTS/trial28/source2.png,49.0,circle,red,large,data/RMTS/trial28/target1_1.png,49.0,circle,red,large,data/RMTS/trial28/target1_2.png,23.0,star,black,large,data/RMTS/trial28/target2_1.png,71.0,square,black,large,data/RMTS/trial28/target2_2.png
sameShape,1.0,data/RMTS/trial29/trial.png,data/RMTS/trial29/source_pair.png,data/RMTS/trial29/target1_pair.png,data/RMTS/trial29/target2_pair.png,29.0,heart,blue,large,data/RMTS/trial29/source1.png,29.0,heart,blue,large,data/RMTS/trial29/source2.png,43.0,cross,purple,large,data/RMTS/trial29/target1_1.png,43.0,cross,purple,large,data/RMTS/trial29/target1_2.png,7.0,triangle,purple,large,data/RMTS/trial29/target2_1.png,67.0,square,purple,large,data/RMTS/trial29/target2_2.png
sameShape,2.0,data/RMTS/trial30/trial.png,data/RMTS/trial30/source_pair.png,data/RMTS/trial30/target1_pair.png,data/RMTS/trial30/target2_pair.png,30.0,heart,purple,small,data/RMTS/trial30/source1.png,30.0,heart,purple,small,data/RMTS/trial30/source2.png,28.0,heart,blue,small,data/RMTS/trial30/target1_1.png,16.0,star,blue,small,data/RMTS/trial30/target1_2.png,12.0,star,red,small,data/RMTS/trial30/target2_1.png,12.0,star,red,small,data/RMTS/trial30/target2_2.png
sameShape,1.0,data/RMTS/trial31/trial.png,data/RMTS/trial31/source_pair.png,data/RMTS/trial31/target1_pair.png,data/RMTS/trial31/target2_pair.png,31.0,heart,purple,large,data/RMTS/trial31/source1.png,31.0,heart,purple,large,data/RMTS/trial31/source2.png,60.0,square,red,small,data/RMTS/trial31/target1_1.png,60.0,square,red,small,data/RMTS/trial31/target1_2.png,26.0,heart,green,small,data/RMTS/trial31/target2_1.png,38.0,cross,green,small,data/RMTS/trial31/target2_2.png
sameShape,1.0,data/RMTS/trial32/trial.png,data/RMTS/trial32/source_pair.png,data/RMTS/trial32/target1_pair.png,data/RMTS/trial32/target2_pair.png,32.0,heart,saddlebrown,small,data/RMTS/trial32/source1.png,32.0,heart,saddlebrown,small,data/RMTS/trial32/source2.png,58.0,circle,black,small,data/RMTS/trial32/target1_1.png,58.0,circle,black,small,data/RMTS/trial32/target1_2.png,19.0,star,purple,large,data/RMTS/trial32/target2_1.png,67.0,square,purple,large,data/RMTS/trial32/target2_2.png
sameShape,1.0,data/RMTS/trial33/trial.png,data/RMTS/trial33/source_pair.png,data/RMTS/trial33/target1_pair.png,data/RMTS/trial33/target2_pair.png,33.0,heart,saddlebrown,large,data/RMTS/trial33/source1.png,33.0,heart,saddlebrown,large,data/RMTS/trial33/source2.png,65.0,square,blue,large,data/RMTS/trial33/target1_1.png,65.0,square,blue,large,data/RMTS/trial33/target1_2.png,36.0,cross,red,small,data/RMTS/trial33/target2_1.png,12.0,star,red,small,data/RMTS/trial33/target2_2.png
sameShape,2.0,data/RMTS/trial34/trial.png,data/RMTS/trial34/source_pair.png,data/RMTS/trial34/target1_pair.png,data/RMTS/trial34/target2_pair.png,34.0,heart,black,small,data/RMTS/trial34/source1.png,34.0,heart,black,small,data/RMTS/trial34/source2.png,0.0,triangle,red,small,data/RMTS/trial34/target1_1.png,24.0,heart,red,small,data/RMTS/trial34/target1_2.png,16.0,star,blue,small,data/RMTS/trial34/target2_1.png,16.0,star,blue,small,data/RMTS/trial34/target2_2.png
sameShape,2.0,data/RMTS/trial35/trial.png,data/RMTS/trial35/source_pair.png,data/RMTS/trial35/target1_pair.png,data/RMTS/trial35/target2_pair.png,35.0,heart,black,large,data/RMTS/trial35/source1.png,35.0,heart,black,large,data/RMTS/trial35/source2.png,31.0,heart,purple,large,data/RMTS/trial35/target1_1.png,19.0,star,purple,large,data/RMTS/trial35/target1_2.png,8.0,triangle,saddlebrown,small,data/RMTS/trial35/target2_1.png,8.0,triangle,saddlebrown,small,data/RMTS/trial35/target2_2.png
sameShape,2.0,data/RMTS/trial36/trial.png,data/RMTS/trial36/source_pair.png,data/RMTS/trial36/target1_pair.png,data/RMTS/trial36/target2_pair.png,36.0,cross,red,small,data/RMTS/trial36/source1.png,36.0,cross,red,small,data/RMTS/trial36/source2.png,3.0,triangle,green,large,data/RMTS/trial36/target1_1.png,63.0,square,green,large,data/RMTS/trial36/target1_2.png,3.0,triangle,green,large,data/RMTS/trial36/target2_1.png,3.0,triangle,green,large,data/RMTS/trial36/target2_2.png
sameShape,2.0,data/RMTS/trial37/trial.png,data/RMTS/trial37/source_pair.png,data/RMTS/trial37/target1_pair.png,data/RMTS/trial37/target2_pair.png,37.0,cross,red,large,data/RMTS/trial37/source1.png,37.0,cross,red,large,data/RMTS/trial37/source2.png,15.0,star,green,large,data/RMTS/trial37/target1_1.png,3.0,triangle,green,large,data/RMTS/trial37/target1_2.png,62.0,square,green,small,data/RMTS/trial37/target2_1.png,62.0,square,green,small,data/RMTS/trial37/target2_2.png
sameShape,1.0,data/RMTS/trial38/trial.png,data/RMTS/trial38/source_pair.png,data/RMTS/trial38/target1_pair.png,data/RMTS/trial38/target2_pair.png,38.0,cross,green,small,data/RMTS/trial38/source1.png,38.0,cross,green,small,data/RMTS/trial38/source2.png,9.0,triangle,saddlebrown,large,data/RMTS/trial38/target1_1.png,9.0,triangle,saddlebrown,large,data/RMTS/trial38/target1_2.png,4.0,triangle,blue,small,data/RMTS/trial38/target2_1.png,64.0,square,blue,small,data/RMTS/trial38/target2_2.png
sameShape,1.0,data/RMTS/trial39/trial.png,data/RMTS/trial39/source_pair.png,data/RMTS/trial39/target1_pair.png,data/RMTS/trial39/target2_pair.png,39.0,cross,green,large,data/RMTS/trial39/source1.png,39.0,cross,green,large,data/RMTS/trial39/source2.png,53.0,circle,blue,large,data/RMTS/trial39/target1_1.png,53.0,circle,blue,large,data/RMTS/trial39/target1_2.png,56.0,circle,saddlebrown,small,data/RMTS/trial39/target2_1.png,44.0,cross,saddlebrown,small,data/RMTS/trial39/target2_2.png
sameShape,2.0,data/RMTS/trial40/trial.png,data/RMTS/trial40/source_pair.png,data/RMTS/trial40/target1_pair.png,data/RMTS/trial40/target2_pair.png,40.0,cross,blue,small,data/RMTS/trial40/source1.png,40.0,cross,blue,small,data/RMTS/trial40/source2.png,67.0,square,purple,large,data/RMTS/trial40/target1_1.png,55.0,circle,purple,large,data/RMTS/trial40/target1_2.png,69.0,square,saddlebrown,large,data/RMTS/trial40/target2_1.png,69.0,square,saddlebrown,large,data/RMTS/trial40/target2_2.png
sameShape,2.0,data/RMTS/trial41/trial.png,data/RMTS/trial41/source_pair.png,data/RMTS/trial41/target1_pair.png,data/RMTS/trial41/target2_pair.png,41.0,cross,blue,large,data/RMTS/trial41/source1.png,41.0,cross,blue,large,data/RMTS/trial41/source2.png,64.0,square,blue,small,data/RMTS/trial41/target1_1.png,4.0,triangle,blue,small,data/RMTS/trial41/target1_2.png,18.0,star,purple,small,data/RMTS/trial41/target2_1.png,18.0,star,purple,small,data/RMTS/trial41/target2_2.png
sameShape,1.0,data/RMTS/trial42/trial.png,data/RMTS/trial42/source_pair.png,data/RMTS/trial42/target1_pair.png,data/RMTS/trial42/target2_pair.png,42.0,cross,purple,small,data/RMTS/trial42/source1.png,42.0,cross,purple,small,data/RMTS/trial42/source2.png,24.0,heart,red,small,data/RMTS/trial42/target1_1.png,24.0,heart,red,small,data/RMTS/trial42/target1_2.png,8.0,triangle,saddlebrown,small,data/RMTS/trial42/target2_1.png,20.0,star,saddlebrown,small,data/RMTS/trial42/target2_2.png
sameShape,1.0,data/RMTS/trial43/trial.png,data/RMTS/trial43/source_pair.png,data/RMTS/trial43/target1_pair.png,data/RMTS/trial43/target2_pair.png,43.0,cross,purple,large,data/RMTS/trial43/source1.png,43.0,cross,purple,large,data/RMTS/trial43/source2.png,62.0,square,green,small,data/RMTS/trial43/target1_1.png,62.0,square,green,small,data/RMTS/trial43/target1_2.png,18.0,star,purple,small,data/RMTS/trial43/target2_1.png,54.0,circle,purple,small,data/RMTS/trial43/target2_2.png
sameShape,1.0,data/RMTS/trial44/trial.png,data/RMTS/trial44/source_pair.png,data/RMTS/trial44/target1_pair.png,data/RMTS/trial44/target2_pair.png,44.0,cross,saddlebrown,small,data/RMTS/trial44/source1.png,44.0,cross,saddlebrown,small,data/RMTS/trial44/source2.png,22.0,star,black,small,data/RMTS/trial44/target1_1.png,22.0,star,black,small,data/RMTS/trial44/target1_2.png,54.0,circle,purple,small,data/RMTS/trial44/target2_1.png,18.0,star,purple,small,data/RMTS/trial44/target2_2.png
sameShape,1.0,data/RMTS/trial45/trial.png,data/RMTS/trial45/source_pair.png,data/RMTS/trial45/target1_pair.png,data/RMTS/trial45/target2_pair.png,45.0,cross,saddlebrown,large,data/RMTS/trial45/source1.png,45.0,cross,saddlebrown,large,data/RMTS/trial45/source2.png,4.0,triangle,blue,small,data/RMTS/trial45/target1_1.png,4.0,triangle,blue,small,data/RMTS/trial45/target1_2.png,57.0,circle,saddlebrown,large,data/RMTS/trial45/target2_1.png,21.0,star,saddlebrown,large,data/RMTS/trial45/target2_2.png
sameShape,2.0,data/RMTS/trial46/trial.png,data/RMTS/trial46/source_pair.png,data/RMTS/trial46/target1_pair.png,data/RMTS/trial46/target2_pair.png,46.0,cross,black,small,data/RMTS/trial46/source1.png,46.0,cross,black,small,data/RMTS/trial46/source2.png,70.0,square,black,small,data/RMTS/trial46/target1_1.png,58.0,circle,black,small,data/RMTS/trial46/target1_2.png,33.0,heart,saddlebrown,large,data/RMTS/trial46/target2_1.png,33.0,heart,saddlebrown,large,data/RMTS/trial46/target2_2.png
sameShape,1.0,data/RMTS/trial47/trial.png,data/RMTS/trial47/source_pair.png,data/RMTS/trial47/target1_pair.png,data/RMTS/trial47/target2_pair.png,47.0,cross,black,large,data/RMTS/trial47/source1.png,47.0,cross,black,large,data/RMTS/trial47/source2.png,51.0,circle,green,large,data/RMTS/trial47/target1_1.png,51.0,circle,green,large,data/RMTS/trial47/target1_2.png,63.0,square,green,large,data/RMTS/trial47/target2_1.png,15.0,star,green,large,data/RMTS/trial47/target2_2.png
sameShape,2.0,data/RMTS/trial48/trial.png,data/RMTS/trial48/source_pair.png,data/RMTS/trial48/target1_pair.png,data/RMTS/trial48/target2_pair.png,48.0,circle,red,small,data/RMTS/trial48/source1.png,48.0,circle,red,small,data/RMTS/trial48/source2.png,63.0,square,green,large,data/RMTS/trial48/target1_1.png,3.0,triangle,green,large,data/RMTS/trial48/target1_2.png,66.0,square,purple,small,data/RMTS/trial48/target2_1.png,66.0,square,purple,small,data/RMTS/trial48/target2_2.png
sameShape,2.0,data/RMTS/trial49/trial.png,data/RMTS/trial49/source_pair.png,data/RMTS/trial49/target1_pair.png,data/RMTS/trial49/target2_pair.png,49.0,circle,red,large,data/RMTS/trial49/source1.png,49.0,circle,red,large,data/RMTS/trial49/source2.png,2.0,triangle,green,small,data/RMTS/trial49/target1_1.png,14.0,star,green,small,data/RMTS/trial49/target1_2.png,20.0,star,saddlebrown,small,data/RMTS/trial49/target2_1.png,20.0,star,saddlebrown,small,data/RMTS/trial49/target2_2.png
sameShape,1.0,data/RMTS/trial50/trial.png,data/RMTS/trial50/source_pair.png,data/RMTS/trial50/target1_pair.png,data/RMTS/trial50/target2_pair.png,50.0,circle,green,small,data/RMTS/trial50/source1.png,50.0,circle,green,small,data/RMTS/trial50/source2.png,18.0,star,purple,small,data/RMTS/trial50/target1_1.png,18.0,star,purple,small,data/RMTS/trial50/target1_2.png,36.0,cross,red,small,data/RMTS/trial50/target2_1.png,0.0,triangle,red,small,data/RMTS/trial50/target2_2.png
sameShape,1.0,data/RMTS/trial51/trial.png,data/RMTS/trial51/source_pair.png,data/RMTS/trial51/target1_pair.png,data/RMTS/trial51/target2_pair.png,51.0,circle,green,large,data/RMTS/trial51/source1.png,51.0,circle,green,large,data/RMTS/trial51/source2.png,66.0,square,purple,small,data/RMTS/trial51/target1_1.png,66.0,square,purple,small,data/RMTS/trial51/target1_2.png,18.0,star,purple,small,data/RMTS/trial51/target2_1.png,54.0,circle,purple,small,data/RMTS/trial51/target2_2.png
sameShape,2.0,data/RMTS/trial52/trial.png,data/RMTS/trial52/source_pair.png,data/RMTS/trial52/target1_pair.png,data/RMTS/trial52/target2_pair.png,52.0,circle,blue,small,data/RMTS/trial52/source1.png,52.0,circle,blue,small,data/RMTS/trial52/source2.png,48.0,circle,red,small,data/RMTS/trial52/target1_1.png,0.0,triangle,red,small,data/RMTS/trial52/target1_2.png,22.0,star,black,small,data/RMTS/trial52/target2_1.png,22.0,star,black,small,data/RMTS/trial52/target2_2.png
sameShape,2.0,data/RMTS/trial53/trial.png,data/RMTS/trial53/source_pair.png,data/RMTS/trial53/target1_pair.png,data/RMTS/trial53/target2_pair.png,53.0,circle,blue,large,data/RMTS/trial53/source1.png,53.0,circle,blue,large,data/RMTS/trial53/source2.png,55.0,circle,purple,large,data/RMTS/trial53/target1_1.png,19.0,star,purple,large,data/RMTS/trial53/target1_2.png,67.0,square,purple,large,data/RMTS/trial53/target2_1.png,67.0,square,purple,large,data/RMTS/trial53/target2_2.png
sameShape,1.0,data/RMTS/trial54/trial.png,data/RMTS/trial54/source_pair.png,data/RMTS/trial54/target1_pair.png,data/RMTS/trial54/target2_pair.png,54.0,circle,purple,small,data/RMTS/trial54/source1.png,54.0,circle,purple,small,data/RMTS/trial54/source2.png,47.0,cross,black,large,data/RMTS/trial54/target1_1.png,47.0,cross,black,large,data/RMTS/trial54/target1_2.png,64.0,square,blue,small,data/RMTS/trial54/target2_1.png,52.0,circle,blue,small,data/RMTS/trial54/target2_2.png
sameShape,2.0,data/RMTS/trial55/trial.png,data/RMTS/trial55/source_pair.png,data/RMTS/trial55/target1_pair.png,data/RMTS/trial55/target2_pair.png,55.0,circle,purple,large,data/RMTS/trial55/source1.png,55.0,circle,purple,large,data/RMTS/trial55/source2.png,36.0,cross,red,small,data/RMTS/trial55/target1_1.png,60.0,square,red,small,data/RMTS/trial55/target1_2.png,32.0,heart,saddlebrown,small,data/RMTS/trial55/target2_1.png,32.0,heart,saddlebrown,small,data/RMTS/trial55/target2_2.png
sameShape,2.0,data/RMTS/trial56/trial.png,data/RMTS/trial56/source_pair.png,data/RMTS/trial56/target1_pair.png,data/RMTS/trial56/target2_pair.png,56.0,circle,saddlebrown,small,data/RMTS/trial56/source1.png,56.0,circle,saddlebrown,small,data/RMTS/trial56/source2.png,15.0,star,green,large,data/RMTS/trial56/target1_1.png,63.0,square,green,large,data/RMTS/trial56/target1_2.png,66.0,square,purple,small,data/RMTS/trial56/target2_1.png,66.0,square,purple,small,data/RMTS/trial56/target2_2.png
sameShape,2.0,data/RMTS/trial57/trial.png,data/RMTS/trial57/source_pair.png,data/RMTS/trial57/target1_pair.png,data/RMTS/trial57/target2_pair.png,57.0,circle,saddlebrown,large,data/RMTS/trial57/source1.png,57.0,circle,saddlebrown,large,data/RMTS/trial57/source2.png,42.0,cross,purple,small,data/RMTS/trial57/target1_1.png,6.0,triangle,purple,small,data/RMTS/trial57/target1_2.png,3.0,triangle,green,large,data/RMTS/trial57/target2_1.png,3.0,triangle,green,large,data/RMTS/trial57/target2_2.png
sameShape,1.0,data/RMTS/trial58/trial.png,data/RMTS/trial58/source_pair.png,data/RMTS/trial58/target1_pair.png,data/RMTS/trial58/target2_pair.png,58.0,circle,black,small,data/RMTS/trial58/source1.png,58.0,circle,black,small,data/RMTS/trial58/source2.png,4.0,triangle,blue,small,data/RMTS/trial58/target1_1.png,4.0,triangle,blue,small,data/RMTS/trial58/target1_2.png,65.0,square,blue,large,data/RMTS/trial58/target2_1.png,41.0,cross,blue,large,data/RMTS/trial58/target2_2.png
sameShape,1.0,data/RMTS/trial59/trial.png,data/RMTS/trial59/source_pair.png,data/RMTS/trial59/target1_pair.png,data/RMTS/trial59/target2_pair.png,59.0,circle,black,large,data/RMTS/trial59/source1.png,59.0,circle,black,large,data/RMTS/trial59/source2.png,3.0,triangle,green,large,data/RMTS/trial59/target1_1.png,3.0,triangle,green,large,data/RMTS/trial59/target1_2.png,70.0,square,black,small,data/RMTS/trial59/target2_1.png,34.0,heart,black,small,data/RMTS/trial59/target2_2.png
sameShape,2.0,data/RMTS/trial60/trial.png,data/RMTS/trial60/source_pair.png,data/RMTS/trial60/target1_pair.png,data/RMTS/trial60/target2_pair.png,60.0,square,red,small,data/RMTS/trial60/source1.png,60.0,square,red,small,data/RMTS/trial60/source2.png,27.0,heart,green,large,data/RMTS/trial60/target1_1.png,51.0,circle,green,large,data/RMTS/trial60/target1_2.png,9.0,triangle,saddlebrown,large,data/RMTS/trial60/target2_1.png,9.0,triangle,saddlebrown,large,data/RMTS/trial60/target2_2.png
sameShape,2.0,data/RMTS/trial61/trial.png,data/RMTS/trial61/source_pair.png,data/RMTS/trial61/target1_pair.png,data/RMTS/trial61/target2_pair.png,61.0,square,red,large,data/RMTS/trial61/source1.png,61.0,square,red,large,data/RMTS/trial61/source2.png,64.0,square,blue,small,data/RMTS/trial61/target1_1.png,52.0,circle,blue,small,data/RMTS/trial61/target1_2.png,43.0,cross,purple,large,data/RMTS/trial61/target2_1.png,43.0,cross,purple,large,data/RMTS/trial61/target2_2.png
sameShape,2.0,data/RMTS/trial62/trial.png,data/RMTS/trial62/source_pair.png,data/RMTS/trial62/target1_pair.png,data/RMTS/trial62/target2_pair.png,62.0,square,green,small,data/RMTS/trial62/source1.png,62.0,square,green,small,data/RMTS/trial62/source2.png,42.0,cross,purple,small,data/RMTS/trial62/target1_1.png,18.0,star,purple,small,data/RMTS/trial62/target1_2.png,22.0,star,black,small,data/RMTS/trial62/target2_1.png,22.0,star,black,small,data/RMTS/trial62/target2_2.png
sameShape,1.0,data/RMTS/trial63/trial.png,data/RMTS/trial63/source_pair.png,data/RMTS/trial63/target1_pair.png,data/RMTS/trial63/target2_pair.png,63.0,square,green,large,data/RMTS/trial63/source1.png,63.0,square,green,large,data/RMTS/trial63/source2.png,47.0,cross,black,large,data/RMTS/trial63/target1_1.png,47.0,cross,black,large,data/RMTS/trial63/target1_2.png,45.0,cross,saddlebrown,large,data/RMTS/trial63/target2_1.png,33.0,heart,saddlebrown,large,data/RMTS/trial63/target2_2.png
sameShape,1.0,data/RMTS/trial64/trial.png,data/RMTS/trial64/source_pair.png,data/RMTS/trial64/target1_pair.png,data/RMTS/trial64/target2_pair.png,64.0,square,blue,small,data/RMTS/trial64/source1.png,64.0,square,blue,small,data/RMTS/trial64/source2.png,47.0,cross,black,large,data/RMTS/trial64/target1_1.png,47.0,cross,black,large,data/RMTS/trial64/target1_2.png,12.0,star,red,small,data/RMTS/trial64/target2_1.png,36.0,cross,red,small,data/RMTS/trial64/target2_2.png
sameShape,2.0,data/RMTS/trial65/trial.png,data/RMTS/trial65/source_pair.png,data/RMTS/trial65/target1_pair.png,data/RMTS/trial65/target2_pair.png,65.0,square,blue,large,data/RMTS/trial65/source1.png,65.0,square,blue,large,data/RMTS/trial65/source2.png,63.0,square,green,large,data/RMTS/trial65/target1_1.png,51.0,circle,green,large,data/RMTS/trial65/target1_2.png,14.0,star,green,small,data/RMTS/trial65/target2_1.png,14.0,star,green,small,data/RMTS/trial65/target2_2.png
sameShape,2.0,data/RMTS/trial66/trial.png,data/RMTS/trial66/source_pair.png,data/RMTS/trial66/target1_pair.png,data/RMTS/trial66/target2_pair.png,66.0,square,purple,small,data/RMTS/trial66/source1.png,66.0,square,purple,small,data/RMTS/trial66/source2.png,33.0,heart,saddlebrown,large,data/RMTS/trial66/target1_1.png,69.0,square,saddlebrown,large,data/RMTS/trial66/target1_2.png,26.0,heart,green,small,data/RMTS/trial66/target2_1.png,26.0,heart,green,small,data/RMTS/trial66/target2_2.png
sameShape,2.0,data/RMTS/trial67/trial.png,data/RMTS/trial67/source_pair.png,data/RMTS/trial67/target1_pair.png,data/RMTS/trial67/target2_pair.png,67.0,square,purple,large,data/RMTS/trial67/source1.png,67.0,square,purple,large,data/RMTS/trial67/source2.png,28.0,heart,blue,small,data/RMTS/trial67/target1_1.png,64.0,square,blue,small,data/RMTS/trial67/target1_2.png,1.0,triangle,red,large,data/RMTS/trial67/target2_1.png,1.0,triangle,red,large,data/RMTS/trial67/target2_2.png
sameShape,1.0,data/RMTS/trial68/trial.png,data/RMTS/trial68/source_pair.png,data/RMTS/trial68/target1_pair.png,data/RMTS/trial68/target2_pair.png,68.0,square,saddlebrown,small,data/RMTS/trial68/source1.png,68.0,square,saddlebrown,small,data/RMTS/trial68/source2.png,26.0,heart,green,small,data/RMTS/trial68/target1_1.png,26.0,heart,green,small,data/RMTS/trial68/target1_2.png,49.0,circle,red,large,data/RMTS/trial68/target2_1.png,61.0,square,red,large,data/RMTS/trial68/target2_2.png
sameShape,2.0,data/RMTS/trial69/trial.png,data/RMTS/trial69/source_pair.png,data/RMTS/trial69/target1_pair.png,data/RMTS/trial69/target2_pair.png,69.0,square,saddlebrown,large,data/RMTS/trial69/source1.png,69.0,square,saddlebrown,large,data/RMTS/trial69/source2.png,44.0,cross,saddlebrown,small,data/RMTS/trial69/target1_1.png,8.0,triangle,saddlebrown,small,data/RMTS/trial69/target1_2.png,49.0,circle,red,large,data/RMTS/trial69/target2_1.png,49.0,circle,red,large,data/RMTS/trial69/target2_2.png
sameShape,2.0,data/RMTS/trial70/trial.png,data/RMTS/trial70/source_pair.png,data/RMTS/trial70/target1_pair.png,data/RMTS/trial70/target2_pair.png,70.0,square,black,small,data/RMTS/trial70/source1.png,70.0,square,black,small,data/RMTS/trial70/source2.png,38.0,cross,green,small,data/RMTS/trial70/target1_1.png,62.0,square,green,small,data/RMTS/trial70/target1_2.png,55.0,circle,purple,large,data/RMTS/trial70/target2_1.png,55.0,circle,purple,large,data/RMTS/trial70/target2_2.png
sameShape,1.0,data/RMTS/trial71/trial.png,data/RMTS/trial71/source_pair.png,data/RMTS/trial71/target1_pair.png,data/RMTS/trial71/target2_pair.png,71.0,square,black,large,data/RMTS/trial71/source1.png,71.0,square,black,large,data/RMTS/trial71/source2.png,39.0,cross,green,large,data/RMTS/trial71/target1_1.png,39.0,cross,green,large,data/RMTS/trial71/target1_2.png,21.0,star,saddlebrown,large,data/RMTS/trial71/target2_1.png,33.0,heart,saddlebrown,large,data/RMTS/trial71/target2_2.png
sameColor,2.0,data/RMTS/trial72/trial.png,data/RMTS/trial72/source_pair.png,data/RMTS/trial72/target1_pair.png,data/RMTS/trial72/target2_pair.png,0.0,triangle,red,small,data/RMTS/trial72/source1.png,0.0,triangle,red,small,data/RMTS/trial72/source2.png,4.0,triangle,blue,small,data/RMTS/trial72/target1_1.png,8.0,triangle,saddlebrown,small,data/RMTS/trial72/target1_2.png,34.0,heart,black,small,data/RMTS/trial72/target2_1.png,34.0,heart,black,small,data/RMTS/trial72/target2_2.png
sameColor,2.0,data/RMTS/trial73/trial.png,data/RMTS/trial73/source_pair.png,data/RMTS/trial73/target1_pair.png,data/RMTS/trial73/target2_pair.png,1.0,triangle,red,large,data/RMTS/trial73/source1.png,1.0,triangle,red,large,data/RMTS/trial73/source2.png,65.0,square,blue,large,data/RMTS/trial73/target1_1.png,63.0,square,green,large,data/RMTS/trial73/target1_2.png,71.0,square,black,large,data/RMTS/trial73/target2_1.png,71.0,square,black,large,data/RMTS/trial73/target2_2.png
sameColor,1.0,data/RMTS/trial74/trial.png,data/RMTS/trial74/source_pair.png,data/RMTS/trial74/target1_pair.png,data/RMTS/trial74/target2_pair.png,2.0,triangle,green,small,data/RMTS/trial74/source1.png,2.0,triangle,green,small,data/RMTS/trial74/source2.png,29.0,heart,blue,large,data/RMTS/trial74/target1_1.png,29.0,heart,blue,large,data/RMTS/trial74/target1_2.png,6.0,triangle,purple,small,data/RMTS/trial74/target2_1.png,4.0,triangle,blue,small,data/RMTS/trial74/target2_2.png
sameColor,1.0,data/RMTS/trial75/trial.png,data/RMTS/trial75/source_pair.png,data/RMTS/trial75/target1_pair.png,data/RMTS/trial75/target2_pair.png,3.0,triangle,green,large,data/RMTS/trial75/source1.png,3.0,triangle,green,large,data/RMTS/trial75/source2.png,33.0,heart,saddlebrown,large,data/RMTS/trial75/target1_1.png,33.0,heart,saddlebrown,large,data/RMTS/trial75/target1_2.png,21.0,star,saddlebrown,large,data/RMTS/trial75/target2_1.png,19.0,star,purple,large,data/RMTS/trial75/target2_2.png
sameColor,2.0,data/RMTS/trial76/trial.png,data/RMTS/trial76/source_pair.png,data/RMTS/trial76/target1_pair.png,data/RMTS/trial76/target2_pair.png,4.0,triangle,blue,small,data/RMTS/trial76/source1.png,4.0,triangle,blue,small,data/RMTS/trial76/source2.png,19.0,star,purple,large,data/RMTS/trial76/target1_1.png,15.0,star,green,large,data/RMTS/trial76/target1_2.png,20.0,star,saddlebrown,small,data/RMTS/trial76/target2_1.png,20.0,star,saddlebrown,small,data/RMTS/trial76/target2_2.png
sameColor,1.0,data/RMTS/trial77/trial.png,data/RMTS/trial77/source_pair.png,data/RMTS/trial77/target1_pair.png,data/RMTS/trial77/target2_pair.png,5.0,triangle,blue,large,data/RMTS/trial77/source1.png,5.0,triangle,blue,large,data/RMTS/trial77/source2.png,35.0,heart,black,large,data/RMTS/trial77/target1_1.png,35.0,heart,black,large,data/RMTS/trial77/target1_2.png,16.0,star,blue,small,data/RMTS/trial77/target2_1.png,14.0,star,green,small,data/RMTS/trial77/target2_2.png
sameColor,2.0,data/RMTS/trial78/trial.png,data/RMTS/trial78/source_pair.png,data/RMTS/trial78/target1_pair.png,data/RMTS/trial78/target2_pair.png,6.0,triangle,purple,small,data/RMTS/trial78/source1.png,6.0,triangle,purple,small,data/RMTS/trial78/source2.png,53.0,circle,blue,large,data/RMTS/trial78/target1_1.png,55.0,circle,purple,large,data/RMTS/trial78/target1_2.png,32.0,heart,saddlebrown,small,data/RMTS/trial78/target2_1.png,32.0,heart,saddlebrown,small,data/RMTS/trial78/target2_2.png
sameColor,1.0,data/RMTS/trial79/trial.png,data/RMTS/trial79/source_pair.png,data/RMTS/trial79/target1_pair.png,data/RMTS/trial79/target2_pair.png,7.0,triangle,purple,large,data/RMTS/trial79/source1.png,7.0,triangle,purple,large,data/RMTS/trial79/source2.png,57.0,circle,saddlebrown,large,data/RMTS/trial79/target1_1.png,57.0,circle,saddlebrown,large,data/RMTS/trial79/target1_2.png,49.0,circle,red,large,data/RMTS/trial79/target2_1.png,53.0,circle,blue,large,data/RMTS/trial79/target2_2.png
sameColor,1.0,data/RMTS/trial80/trial.png,data/RMTS/trial80/source_pair.png,data/RMTS/trial80/target1_pair.png,data/RMTS/trial80/target2_pair.png,8.0,triangle,saddlebrown,small,data/RMTS/trial80/source1.png,8.0,triangle,saddlebrown,small,data/RMTS/trial80/source2.png,50.0,circle,green,small,data/RMTS/trial80/target1_1.png,50.0,circle,green,small,data/RMTS/trial80/target1_2.png,45.0,cross,saddlebrown,large,data/RMTS/trial80/target2_1.png,47.0,cross,black,large,data/RMTS/trial80/target2_2.png
sameColor,1.0,data/RMTS/trial81/trial.png,data/RMTS/trial81/source_pair.png,data/RMTS/trial81/target1_pair.png,data/RMTS/trial81/target2_pair.png,9.0,triangle,saddlebrown,large,data/RMTS/trial81/source1.png,9.0,triangle,saddlebrown,large,data/RMTS/trial81/source2.png,55.0,circle,purple,large,data/RMTS/trial81/target1_1.png,55.0,circle,purple,large,data/RMTS/trial81/target1_2.png,1.0,triangle,red,large,data/RMTS/trial81/target2_1.png,11.0,triangle,black,large,data/RMTS/trial81/target2_2.png
sameColor,1.0,data/RMTS/trial82/trial.png,data/RMTS/trial82/source_pair.png,data/RMTS/trial82/target1_pair.png,data/RMTS/trial82/target2_pair.png,10.0,triangle,black,small,data/RMTS/trial82/source1.png,10.0,triangle,black,small,data/RMTS/trial82/source2.png,62.0,square,green,small,data/RMTS/trial82/target1_1.png,62.0,square,green,small,data/RMTS/trial82/target1_2.png,11.0,triangle,black,large,data/RMTS/trial82/target2_1.png,9.0,triangle,saddlebrown,large,data/RMTS/trial82/target2_2.png
sameColor,1.0,data/RMTS/trial83/trial.png,data/RMTS/trial83/source_pair.png,data/RMTS/trial83/target1_pair.png,data/RMTS/trial83/target2_pair.png,11.0,triangle,black,large,data/RMTS/trial83/source1.png,11.0,triangle,black,large,data/RMTS/trial83/source2.png,29.0,heart,blue,large,data/RMTS/trial83/target1_1.png,29.0,heart,blue,large,data/RMTS/trial83/target1_2.png,17.0,star,blue,large,data/RMTS/trial83/target2_1.png,23.0,star,black,large,data/RMTS/trial83/target2_2.png
sameColor,2.0,data/RMTS/trial84/trial.png,data/RMTS/trial84/source_pair.png,data/RMTS/trial84/target1_pair.png,data/RMTS/trial84/target2_pair.png,12.0,star,red,small,data/RMTS/trial84/source1.png,12.0,star,red,small,data/RMTS/trial84/source2.png,47.0,cross,black,large,data/RMTS/trial84/target1_1.png,39.0,cross,green,large,data/RMTS/trial84/target1_2.png,9.0,triangle,saddlebrown,large,data/RMTS/trial84/target2_1.png,9.0,triangle,saddlebrown,large,data/RMTS/trial84/target2_2.png
sameColor,1.0,data/RMTS/trial85/trial.png,data/RMTS/trial85/source_pair.png,data/RMTS/trial85/target1_pair.png,data/RMTS/trial85/target2_pair.png,13.0,star,red,large,data/RMTS/trial85/source1.png,13.0,star,red,large,data/RMTS/trial85/source2.png,68.0,square,saddlebrown,small,data/RMTS/trial85/target1_1.png,68.0,square,saddlebrown,small,data/RMTS/trial85/target1_2.png,30.0,heart,purple,small,data/RMTS/trial85/target2_1.png,32.0,heart,saddlebrown,small,data/RMTS/trial85/target2_2.png
sameColor,2.0,data/RMTS/trial86/trial.png,data/RMTS/trial86/source_pair.png,data/RMTS/trial86/target1_pair.png,data/RMTS/trial86/target2_pair.png,14.0,star,green,small,data/RMTS/trial86/source1.png,14.0,star,green,small,data/RMTS/trial86/source2.png,20.0,star,saddlebrown,small,data/RMTS/trial86/target1_1.png,16.0,star,blue,small,data/RMTS/trial86/target1_2.png,71.0,square,black,large,data/RMTS/trial86/target2_1.png,71.0,square,black,large,data/RMTS/trial86/target2_2.png
sameColor,2.0,data/RMTS/trial87/trial.png,data/RMTS/trial87/source_pair.png,data/RMTS/trial87/target1_pair.png,data/RMTS/trial87/target2_pair.png,15.0,star,green,large,data/RMTS/trial87/source1.png,15.0,star,green,large,data/RMTS/trial87/source2.png,14.0,star,green,small,data/RMTS/trial87/target1_1.png,20.0,star,saddlebrown,small,data/RMTS/trial87/target1_2.png,57.0,circle,saddlebrown,large,data/RMTS/trial87/target2_1.png,57.0,circle,saddlebrown,large,data/RMTS/trial87/target2_2.png
sameColor,1.0,data/RMTS/trial88/trial.png,data/RMTS/trial88/source_pair.png,data/RMTS/trial88/target1_pair.png,data/RMTS/trial88/target2_pair.png,16.0,star,blue,small,data/RMTS/trial88/source1.png,16.0,star,blue,small,data/RMTS/trial88/source2.png,48.0,circle,red,small,data/RMTS/trial88/target1_1.png,48.0,circle,red,small,data/RMTS/trial88/target1_2.png,67.0,square,purple,large,data/RMTS/trial88/target2_1.png,71.0,square,black,large,data/RMTS/trial88/target2_2.png
sameColor,1.0,data/RMTS/trial89/trial.png,data/RMTS/trial89/source_pair.png,data/RMTS/trial89/target1_pair.png,data/RMTS/trial89/target2_pair.png,17.0,star,blue,large,data/RMTS/trial89/source1.png,17.0,star,blue,large,data/RMTS/trial89/source2.png,44.0,cross,saddlebrown,small,data/RMTS/trial89/target1_1.png,44.0,cross,saddlebrown,small,data/RMTS/trial89/target1_2.png,54.0,circle,purple,small,data/RMTS/trial89/target2_1.png,52.0,circle,blue,small,data/RMTS/trial89/target2_2.png
sameColor,1.0,data/RMTS/trial90/trial.png,data/RMTS/trial90/source_pair.png,data/RMTS/trial90/target1_pair.png,data/RMTS/trial90/target2_pair.png,18.0,star,purple,small,data/RMTS/trial90/source1.png,18.0,star,purple,small,data/RMTS/trial90/source2.png,56.0,circle,saddlebrown,small,data/RMTS/trial90/target1_1.png,56.0,circle,saddlebrown,small,data/RMTS/trial90/target1_2.png,59.0,circle,black,large,data/RMTS/trial90/target2_1.png,51.0,circle,green,large,data/RMTS/trial90/target2_2.png
sameColor,2.0,data/RMTS/trial91/trial.png,data/RMTS/trial91/source_pair.png,data/RMTS/trial91/target1_pair.png,data/RMTS/trial91/target2_pair.png,19.0,star,purple,large,data/RMTS/trial91/source1.png,19.0,star,purple,large,data/RMTS/trial91/source2.png,6.0,triangle,purple,small,data/RMTS/trial91/target1_1.png,10.0,triangle,black,small,data/RMTS/trial91/target1_2.png,49.0,circle,red,large,data/RMTS/trial91/target2_1.png,49.0,circle,red,large,data/RMTS/trial91/target2_2.png
sameColor,1.0,data/RMTS/trial92/trial.png,data/RMTS/trial92/source_pair.png,data/RMTS/trial92/target1_pair.png,data/RMTS/trial92/target2_pair.png,20.0,star,saddlebrown,small,data/RMTS/trial92/source1.png,20.0,star,saddlebrown,small,data/RMTS/trial92/source2.png,55.0,circle,purple,large,data/RMTS/trial92/target1_1.png,55.0,circle,purple,large,data/RMTS/trial92/target1_2.png,28.0,heart,blue,small,data/RMTS/trial92/target2_1.png,24.0,heart,red,small,data/RMTS/trial92/target2_2.png
sameColor,1.0,data/RMTS/trial93/trial.png,data/RMTS/trial93/source_pair.png,data/RMTS/trial93/target1_pair.png,data/RMTS/trial93/target2_pair.png,21.0,star,saddlebrown,large,data/RMTS/trial93/source1.png,21.0,star,saddlebrown,large,data/RMTS/trial93/source2.png,35.0,heart,black,large,data/RMTS/trial93/target1_1.png,35.0,heart,black,large,data/RMTS/trial93/target1_2.png,65.0,square,blue,large,data/RMTS/trial93/target2_1.png,63.0,square,green,large,data/RMTS/trial93/target2_2.png
sameColor,2.0,data/RMTS/trial94/trial.png,data/RMTS/trial94/source_pair.png,data/RMTS/trial94/target1_pair.png,data/RMTS/trial94/target2_pair.png,22.0,star,black,small,data/RMTS/trial94/source1.png,22.0,star,black,small,data/RMTS/trial94/source2.png,37.0,cross,red,large,data/RMTS/trial94/target1_1.png,47.0,cross,black,large,data/RMTS/trial94/target1_2.png,2.0,triangle,green,small,data/RMTS/trial94/target2_1.png,2.0,triangle,green,small,data/RMTS/trial94/target2_2.png
sameColor,2.0,data/RMTS/trial95/trial.png,data/RMTS/trial95/source_pair.png,data/RMTS/trial95/target1_pair.png,data/RMTS/trial95/target2_pair.png,23.0,star,black,large,data/RMTS/trial95/source1.png,23.0,star,black,large,data/RMTS/trial95/source2.png,34.0,heart,black,small,data/RMTS/trial95/target1_1.png,32.0,heart,saddlebrown,small,data/RMTS/trial95/target1_2.png,6.0,triangle,purple,small,data/RMTS/trial95/target2_1.png,6.0,triangle,purple,small,data/RMTS/trial95/target2_2.png
sameColor,2.0,data/RMTS/trial96/trial.png,data/RMTS/trial96/source_pair.png,data/RMTS/trial96/target1_pair.png,data/RMTS/trial96/target2_pair.png,24.0,heart,red,small,data/RMTS/trial96/source1.png,24.0,heart,red,small,data/RMTS/trial96/source2.png,59.0,circle,black,large,data/RMTS/trial96/target1_1.png,49.0,circle,red,large,data/RMTS/trial96/target1_2.png,54.0,circle,purple,small,data/RMTS/trial96/target2_1.png,54.0,circle,purple,small,data/RMTS/trial96/target2_2.png
sameColor,1.0,data/RMTS/trial97/trial.png,data/RMTS/trial97/source_pair.png,data/RMTS/trial97/target1_pair.png,data/RMTS/trial97/target2_pair.png,25.0,heart,red,large,data/RMTS/trial97/source1.png,25.0,heart,red,large,data/RMTS/trial97/source2.png,64.0,square,blue,small,data/RMTS/trial97/target1_1.png,64.0,square,blue,small,data/RMTS/trial97/target1_2.png,7.0,triangle,purple,large,data/RMTS/trial97/target2_1.png,11.0,triangle,black,large,data/RMTS/trial97/target2_2.png
sameColor,2.0,data/RMTS/trial98/trial.png,data/RMTS/trial98/source_pair.png,data/RMTS/trial98/target1_pair.png,data/RMTS/trial98/target2_pair.png,26.0,heart,green,small,data/RMTS/trial98/source1.png,26.0,heart,green,small,data/RMTS/trial98/source2.png,69.0,square,saddlebrown,large,data/RMTS/trial98/target1_1.png,67.0,square,purple,large,data/RMTS/trial98/target1_2.png,7.0,triangle,purple,large,data/RMTS/trial98/target2_1.png,7.0,triangle,purple,large,data/RMTS/trial98/target2_2.png
sameColor,2.0,data/RMTS/trial99/trial.png,data/RMTS/trial99/source_pair.png,data/RMTS/trial99/target1_pair.png,data/RMTS/trial99/target2_pair.png,27.0,heart,green,large,data/RMTS/trial99/source1.png,27.0,heart,green,large,data/RMTS/trial99/source2.png,19.0,star,purple,large,data/RMTS/trial99/target1_1.png,23.0,star,black,large,data/RMTS/trial99/target1_2.png,57.0,circle,saddlebrown,large,data/RMTS/trial99/target2_1.png,57.0,circle,saddlebrown,large,data/RMTS/trial99/target2_2.png
sameColor,1.0,data/RMTS/trial100/trial.png,data/RMTS/trial100/source_pair.png,data/RMTS/trial100/target1_pair.png,data/RMTS/trial100/target2_pair.png,28.0,heart,blue,small,data/RMTS/trial100/source1.png,28.0,heart,blue,small,data/RMTS/trial100/source2.png,43.0,cross,purple,large,data/RMTS/trial100/target1_1.png,43.0,cross,purple,large,data/RMTS/trial100/target1_2.png,9.0,triangle,saddlebrown,large,data/RMTS/trial100/target2_1.png,1.0,triangle,red,large,data/RMTS/trial100/target2_2.png
sameColor,2.0,data/RMTS/trial101/trial.png,data/RMTS/trial101/source_pair.png,data/RMTS/trial101/target1_pair.png,data/RMTS/trial101/target2_pair.png,29.0,heart,blue,large,data/RMTS/trial101/source1.png,29.0,heart,blue,large,data/RMTS/trial101/source2.png,49.0,circle,red,large,data/RMTS/trial101/target1_1.png,57.0,circle,saddlebrown,large,data/RMTS/trial101/target1_2.png,36.0,cross,red,small,data/RMTS/trial101/target2_1.png,36.0,cross,red,small,data/RMTS/trial101/target2_2.png
sameColor,1.0,data/RMTS/trial102/trial.png,data/RMTS/trial102/source_pair.png,data/RMTS/trial102/target1_pair.png,data/RMTS/trial102/target2_pair.png,30.0,heart,purple,small,data/RMTS/trial102/source1.png,30.0,heart,purple,small,data/RMTS/trial102/source2.png,47.0,cross,black,large,data/RMTS/trial102/target1_1.png,47.0,cross,black,large,data/RMTS/trial102/target1_2.png,32.0,heart,saddlebrown,small,data/RMTS/trial102/target2_1.png,26.0,heart,green,small,data/RMTS/trial102/target2_2.png
sameColor,1.0,data/RMTS/trial103/trial.png,data/RMTS/trial103/source_pair.png,data/RMTS/trial103/target1_pair.png,data/RMTS/trial103/target2_pair.png,31.0,heart,purple,large,data/RMTS/trial103/source1.png,31.0,heart,purple,large,data/RMTS/trial103/source2.png,60.0,square,red,small,data/RMTS/trial103/target1_1.png,60.0,square,red,small,data/RMTS/trial103/target1_2.png,59.0,circle,black,large,data/RMTS/trial103/target2_1.png,55.0,circle,purple,large,data/RMTS/trial103/target2_2.png
sameColor,2.0,data/RMTS/trial104/trial.png,data/RMTS/trial104/source_pair.png,data/RMTS/trial104/target1_pair.png,data/RMTS/trial104/target2_pair.png,32.0,heart,saddlebrown,small,data/RMTS/trial104/source1.png,32.0,heart,saddlebrown,small,data/RMTS/trial104/source2.png,11.0,triangle,black,large,data/RMTS/trial104/target1_1.png,3.0,triangle,green,large,data/RMTS/trial104/target1_2.png,36.0,cross,red,small,data/RMTS/trial104/target2_1.png,36.0,cross,red,small,data/RMTS/trial104/target2_2.png
sameColor,1.0,data/RMTS/trial105/trial.png,data/RMTS/trial105/source_pair.png,data/RMTS/trial105/target1_pair.png,data/RMTS/trial105/target2_pair.png,33.0,heart,saddlebrown,large,data/RMTS/trial105/source1.png,33.0,heart,saddlebrown,large,data/RMTS/trial105/source2.png,70.0,square,black,small,data/RMTS/trial105/target1_1.png,70.0,square,black,small,data/RMTS/trial105/target1_2.png,66.0,square,purple,small,data/RMTS/trial105/target2_1.png,68.0,square,saddlebrown,small,data/RMTS/trial105/target2_2.png
sameColor,2.0,data/RMTS/trial106/trial.png,data/RMTS/trial106/source_pair.png,data/RMTS/trial106/target1_pair.png,data/RMTS/trial106/target2_pair.png,34.0,heart,black,small,data/RMTS/trial106/source1.png,34.0,heart,black,small,data/RMTS/trial106/source2.png,1.0,triangle,red,large,data/RMTS/trial106/target1_1.png,11.0,triangle,black,large,data/RMTS/trial106/target1_2.png,64.0,square,blue,small,data/RMTS/trial106/target2_1.png,64.0,square,blue,small,data/RMTS/trial106/target2_2.png
sameColor,1.0,data/RMTS/trial107/trial.png,data/RMTS/trial107/source_pair.png,data/RMTS/trial107/target1_pair.png,data/RMTS/trial107/target2_pair.png,35.0,heart,black,large,data/RMTS/trial107/source1.png,35.0,heart,black,large,data/RMTS/trial107/source2.png,45.0,cross,saddlebrown,large,data/RMTS/trial107/target1_1.png,45.0,cross,saddlebrown,large,data/RMTS/trial107/target1_2.png,8.0,triangle,saddlebrown,small,data/RMTS/trial107/target2_1.png,10.0,triangle,black,small,data/RMTS/trial107/target2_2.png
sameColor,2.0,data/RMTS/trial108/trial.png,data/RMTS/trial108/source_pair.png,data/RMTS/trial108/target1_pair.png,data/RMTS/trial108/target2_pair.png,36.0,cross,red,small,data/RMTS/trial108/source1.png,36.0,cross,red,small,data/RMTS/trial108/source2.png,29.0,heart,blue,large,data/RMTS/trial108/target1_1.png,31.0,heart,purple,large,data/RMTS/trial108/target1_2.png,52.0,circle,blue,small,data/RMTS/trial108/target2_1.png,52.0,circle,blue,small,data/RMTS/trial108/target2_2.png
sameColor,2.0,data/RMTS/trial109/trial.png,data/RMTS/trial109/source_pair.png,data/RMTS/trial109/target1_pair.png,data/RMTS/trial109/target2_pair.png,37.0,cross,red,large,data/RMTS/trial109/source1.png,37.0,cross,red,large,data/RMTS/trial109/source2.png,23.0,star,black,large,data/RMTS/trial109/target1_1.png,21.0,star,saddlebrown,large,data/RMTS/trial109/target1_2.png,58.0,circle,black,small,data/RMTS/trial109/target2_1.png,58.0,circle,black,small,data/RMTS/trial109/target2_2.png
sameColor,1.0,data/RMTS/trial110/trial.png,data/RMTS/trial110/source_pair.png,data/RMTS/trial110/target1_pair.png,data/RMTS/trial110/target2_pair.png,38.0,cross,green,small,data/RMTS/trial110/source1.png,38.0,cross,green,small,data/RMTS/trial110/source2.png,0.0,triangle,red,small,data/RMTS/trial110/target1_1.png,0.0,triangle,red,small,data/RMTS/trial110/target1_2.png,10.0,triangle,black,small,data/RMTS/trial110/target2_1.png,4.0,triangle,blue,small,data/RMTS/trial110/target2_2.png
sameColor,1.0,data/RMTS/trial111/trial.png,data/RMTS/trial111/source_pair.png,data/RMTS/trial111/target1_pair.png,data/RMTS/trial111/target2_pair.png,39.0,cross,green,large,data/RMTS/trial111/source1.png,39.0,cross,green,large,data/RMTS/trial111/source2.png,55.0,circle,purple,large,data/RMTS/trial111/target1_1.png,55.0,circle,purple,large,data/RMTS/trial111/target1_2.png,11.0,triangle,black,large,data/RMTS/trial111/target2_1.png,3.0,triangle,green,large,data/RMTS/trial111/target2_2.png
sameColor,2.0,data/RMTS/trial112/trial.png,data/RMTS/trial112/source_pair.png,data/RMTS/trial112/target1_pair.png,data/RMTS/trial112/target2_pair.png,40.0,cross,blue,small,data/RMTS/trial112/source1.png,40.0,cross,blue,small,data/RMTS/trial112/source2.png,46.0,cross,black,small,data/RMTS/trial112/target1_1.png,38.0,cross,green,small,data/RMTS/trial112/target1_2.png,51.0,circle,green,large,data/RMTS/trial112/target2_1.png,51.0,circle,green,large,data/RMTS/trial112/target2_2.png
sameColor,1.0,data/RMTS/trial113/trial.png,data/RMTS/trial113/source_pair.png,data/RMTS/trial113/target1_pair.png,data/RMTS/trial113/target2_pair.png,41.0,cross,blue,large,data/RMTS/trial113/source1.png,41.0,cross,blue,large,data/RMTS/trial113/source2.png,21.0,star,saddlebrown,large,data/RMTS/trial113/target1_1.png,21.0,star,saddlebrown,large,data/RMTS/trial113/target1_2.png,33.0,heart,saddlebrown,large,data/RMTS/trial113/target2_1.png,29.0,heart,blue,large,data/RMTS/trial113/target2_2.png
sameColor,1.0,data/RMTS/trial114/trial.png,data/RMTS/trial114/source_pair.png,data/RMTS/trial114/target1_pair.png,data/RMTS/trial114/target2_pair.png,42.0,cross,purple,small,data/RMTS/trial114/source1.png,42.0,cross,purple,small,data/RMTS/trial114/source2.png,51.0,circle,green,large,data/RMTS/trial114/target1_1.png,51.0,circle,green,large,data/RMTS/trial114/target1_2.png,39.0,cross,green,large,data/RMTS/trial114/target2_1.png,45.0,cross,saddlebrown,large,data/RMTS/trial114/target2_2.png
sameColor,1.0,data/RMTS/trial115/trial.png,data/RMTS/trial115/source_pair.png,data/RMTS/trial115/target1_pair.png,data/RMTS/trial115/target2_pair.png,43.0,cross,purple,large,data/RMTS/trial115/source1.png,43.0,cross,purple,large,data/RMTS/trial115/source2.png,20.0,star,saddlebrown,small,data/RMTS/trial115/target1_1.png,20.0,star,saddlebrown,small,data/RMTS/trial115/target1_2.png,36.0,cross,red,small,data/RMTS/trial115/target2_1.png,38.0,cross,green,small,data/RMTS/trial115/target2_2.png
sameColor,1.0,data/RMTS/trial116/trial.png,data/RMTS/trial116/source_pair.png,data/RMTS/trial116/target1_pair.png,data/RMTS/trial116/target2_pair.png,44.0,cross,saddlebrown,small,data/RMTS/trial116/source1.png,44.0,cross,saddlebrown,small,data/RMTS/trial116/source2.png,1.0,triangle,red,large,data/RMTS/trial116/target1_1.png,1.0,triangle,red,large,data/RMTS/trial116/target1_2.png,10.0,triangle,black,small,data/RMTS/trial116/target2_1.png,4.0,triangle,blue,small,data/RMTS/trial116/target2_2.png
sameColor,2.0,data/RMTS/trial117/trial.png,data/RMTS/trial117/source_pair.png,data/RMTS/trial117/target1_pair.png,data/RMTS/trial117/target2_pair.png,45.0,cross,saddlebrown,large,data/RMTS/trial117/source1.png,45.0,cross,saddlebrown,large,data/RMTS/trial117/source2.png,69.0,square,saddlebrown,large,data/RMTS/trial117/target1_1.png,71.0,square,black,large,data/RMTS/trial117/target1_2.png,24.0,heart,red,small,data/RMTS/trial117/target2_1.png,24.0,heart,red,small,data/RMTS/trial117/target2_2.png
sameColor,2.0,data/RMTS/trial118/trial.png,data/RMTS/trial118/source_pair.png,data/RMTS/trial118/target1_pair.png,data/RMTS/trial118/target2_pair.png,46.0,cross,black,small,data/RMTS/trial118/source1.png,46.0,cross,black,small,data/RMTS/trial118/source2.png,69.0,square,saddlebrown,large,data/RMTS/trial118/target1_1.png,63.0,square,green,large,data/RMTS/trial118/target1_2.png,26.0,heart,green,small,data/RMTS/trial118/target2_1.png,26.0,heart,green,small,data/RMTS/trial118/target2_2.png
sameColor,1.0,data/RMTS/trial119/trial.png,data/RMTS/trial119/source_pair.png,data/RMTS/trial119/target1_pair.png,data/RMTS/trial119/target2_pair.png,47.0,cross,black,large,data/RMTS/trial119/source1.png,47.0,cross,black,large,data/RMTS/trial119/source2.png,21.0,star,saddlebrown,large,data/RMTS/trial119/target1_1.png,21.0,star,saddlebrown,large,data/RMTS/trial119/target1_2.png,49.0,circle,red,large,data/RMTS/trial119/target2_1.png,59.0,circle,black,large,data/RMTS/trial119/target2_2.png
sameColor,1.0,data/RMTS/trial120/trial.png,data/RMTS/trial120/source_pair.png,data/RMTS/trial120/target1_pair.png,data/RMTS/trial120/target2_pair.png,48.0,circle,red,small,data/RMTS/trial120/source1.png,48.0,circle,red,small,data/RMTS/trial120/source2.png,22.0,star,black,small,data/RMTS/trial120/target1_1.png,22.0,star,black,small,data/RMTS/trial120/target1_2.png,64.0,square,blue,small,data/RMTS/trial120/target2_1.png,70.0,square,black,small,data/RMTS/trial120/target2_2.png
sameColor,2.0,data/RMTS/trial121/trial.png,data/RMTS/trial121/source_pair.png,data/RMTS/trial121/target1_pair.png,data/RMTS/trial121/target2_pair.png,49.0,circle,red,large,data/RMTS/trial121/source1.png,49.0,circle,red,large,data/RMTS/trial121/source2.png,64.0,square,blue,small,data/RMTS/trial121/target1_1.png,62.0,square,green,small,data/RMTS/trial121/target1_2.png,34.0,heart,black,small,data/RMTS/trial121/target2_1.png,34.0,heart,black,small,data/RMTS/trial121/target2_2.png
sameColor,2.0,data/RMTS/trial122/trial.png,data/RMTS/trial122/source_pair.png,data/RMTS/trial122/target1_pair.png,data/RMTS/trial122/target2_pair.png,50.0,circle,green,small,data/RMTS/trial122/source1.png,50.0,circle,green,small,data/RMTS/trial122/source2.png,70.0,square,black,small,data/RMTS/trial122/target1_1.png,66.0,square,purple,small,data/RMTS/trial122/target1_2.png,1.0,triangle,red,large,data/RMTS/trial122/target2_1.png,1.0,triangle,red,large,data/RMTS/trial122/target2_2.png
sameColor,1.0,data/RMTS/trial123/trial.png,data/RMTS/trial123/source_pair.png,data/RMTS/trial123/target1_pair.png,data/RMTS/trial123/target2_pair.png,51.0,circle,green,large,data/RMTS/trial123/source1.png,51.0,circle,green,large,data/RMTS/trial123/source2.png,64.0,square,blue,small,data/RMTS/trial123/target1_1.png,64.0,square,blue,small,data/RMTS/trial123/target1_2.png,26.0,heart,green,small,data/RMTS/trial123/target2_1.png,32.0,heart,saddlebrown,small,data/RMTS/trial123/target2_2.png
sameColor,1.0,data/RMTS/trial124/trial.png,data/RMTS/trial124/source_pair.png,data/RMTS/trial124/target1_pair.png,data/RMTS/trial124/target2_pair.png,52.0,circle,blue,small,data/RMTS/trial124/source1.png,52.0,circle,blue,small,data/RMTS/trial124/source2.png,63.0,square,green,large,data/RMTS/trial124/target1_1.png,63.0,square,green,large,data/RMTS/trial124/target1_2.png,66.0,square,purple,small,data/RMTS/trial124/target2_1.png,62.0,square,green,small,data/RMTS/trial124/target2_2.png
sameColor,1.0,data/RMTS/trial125/trial.png,data/RMTS/trial125/source_pair.png,data/RMTS/trial125/target1_pair.png,data/RMTS/trial125/target2_pair.png,53.0,circle,blue,large,data/RMTS/trial125/source1.png,53.0,circle,blue,large,data/RMTS/trial125/source2.png,42.0,cross,purple,small,data/RMTS/trial125/target1_1.png,42.0,cross,purple,small,data/RMTS/trial125/target1_2.png,61.0,square,red,large,data/RMTS/trial125/target2_1.png,63.0,square,green,large,data/RMTS/trial125/target2_2.png
sameColor,2.0,data/RMTS/trial126/trial.png,data/RMTS/trial126/source_pair.png,data/RMTS/trial126/target1_pair.png,data/RMTS/trial126/target2_pair.png,54.0,circle,purple,small,data/RMTS/trial126/source1.png,54.0,circle,purple,small,data/RMTS/trial126/source2.png,63.0,square,green,large,data/RMTS/trial126/target1_1.png,71.0,square,black,large,data/RMTS/trial126/target1_2.png,14.0,star,green,small,data/RMTS/trial126/target2_1.png,14.0,star,green,small,data/RMTS/trial126/target2_2.png
sameColor,2.0,data/RMTS/trial127/trial.png,data/RMTS/trial127/source_pair.png,data/RMTS/trial127/target1_pair.png,data/RMTS/trial127/target2_pair.png,55.0,circle,purple,large,data/RMTS/trial127/source1.png,55.0,circle,purple,large,data/RMTS/trial127/source2.png,33.0,heart,saddlebrown,large,data/RMTS/trial127/target1_1.png,31.0,heart,purple,large,data/RMTS/trial127/target1_2.png,46.0,cross,black,small,data/RMTS/trial127/target2_1.png,46.0,cross,black,small,data/RMTS/trial127/target2_2.png
sameColor,2.0,data/RMTS/trial128/trial.png,data/RMTS/trial128/source_pair.png,data/RMTS/trial128/target1_pair.png,data/RMTS/trial128/target2_pair.png,56.0,circle,saddlebrown,small,data/RMTS/trial128/source1.png,56.0,circle,saddlebrown,small,data/RMTS/trial128/source2.png,40.0,cross,blue,small,data/RMTS/trial128/target1_1.png,44.0,cross,saddlebrown,small,data/RMTS/trial128/target1_2.png,67.0,square,purple,large,data/RMTS/trial128/target2_1.png,67.0,square,purple,large,data/RMTS/trial128/target2_2.png
sameColor,1.0,data/RMTS/trial129/trial.png,data/RMTS/trial129/source_pair.png,data/RMTS/trial129/target1_pair.png,data/RMTS/trial129/target2_pair.png,57.0,circle,saddlebrown,large,data/RMTS/trial129/source1.png,57.0,circle,saddlebrown,large,data/RMTS/trial129/source2.png,64.0,square,blue,small,data/RMTS/trial129/target1_1.png,64.0,square,blue,small,data/RMTS/trial129/target1_2.png,49.0,circle,red,large,data/RMTS/trial129/target2_1.png,59.0,circle,black,large,data/RMTS/trial129/target2_2.png
sameColor,2.0,data/RMTS/trial130/trial.png,data/RMTS/trial130/source_pair.png,data/RMTS/trial130/target1_pair.png,data/RMTS/trial130/target2_pair.png,58.0,circle,black,small,data/RMTS/trial130/source1.png,58.0,circle,black,small,data/RMTS/trial130/source2.png,4.0,triangle,blue,small,data/RMTS/trial130/target1_1.png,6.0,triangle,purple,small,data/RMTS/trial130/target1_2.png,36.0,cross,red,small,data/RMTS/trial130/target2_1.png,36.0,cross,red,small,data/RMTS/trial130/target2_2.png
sameColor,1.0,data/RMTS/trial131/trial.png,data/RMTS/trial131/source_pair.png,data/RMTS/trial131/target1_pair.png,data/RMTS/trial131/target2_pair.png,59.0,circle,black,large,data/RMTS/trial131/source1.png,59.0,circle,black,large,data/RMTS/trial131/source2.png,0.0,triangle,red,small,data/RMTS/trial131/target1_1.png,0.0,triangle,red,small,data/RMTS/trial131/target1_2.png,7.0,triangle,purple,large,data/RMTS/trial131/target2_1.png,9.0,triangle,saddlebrown,large,data/RMTS/trial131/target2_2.png
sameColor,1.0,data/RMTS/trial132/trial.png,data/RMTS/trial132/source_pair.png,data/RMTS/trial132/target1_pair.png,data/RMTS/trial132/target2_pair.png,60.0,square,red,small,data/RMTS/trial132/source1.png,60.0,square,red,small,data/RMTS/trial132/source2.png,22.0,star,black,small,data/RMTS/trial132/target1_1.png,22.0,star,black,small,data/RMTS/trial132/target1_2.png,64.0,square,blue,small,data/RMTS/trial132/target2_1.png,70.0,square,black,small,data/RMTS/trial132/target2_2.png
sameColor,2.0,data/RMTS/trial133/trial.png,data/RMTS/trial133/source_pair.png,data/RMTS/trial133/target1_pair.png,data/RMTS/trial133/target2_pair.png,61.0,square,red,large,data/RMTS/trial133/source1.png,61.0,square,red,large,data/RMTS/trial133/source2.png,8.0,triangle,saddlebrown,small,data/RMTS/trial133/target1_1.png,0.0,triangle,red,small,data/RMTS/trial133/target1_2.png,40.0,cross,blue,small,data/RMTS/trial133/target2_1.png,40.0,cross,blue,small,data/RMTS/trial133/target2_2.png
sameColor,1.0,data/RMTS/trial134/trial.png,data/RMTS/trial134/source_pair.png,data/RMTS/trial134/target1_pair.png,data/RMTS/trial134/target2_pair.png,62.0,square,green,small,data/RMTS/trial134/source1.png,62.0,square,green,small,data/RMTS/trial134/source2.png,59.0,circle,black,large,data/RMTS/trial134/target1_1.png,59.0,circle,black,large,data/RMTS/trial134/target1_2.png,68.0,square,saddlebrown,small,data/RMTS/trial134/target2_1.png,60.0,square,red,small,data/RMTS/trial134/target2_2.png
sameColor,2.0,data/RMTS/trial135/trial.png,data/RMTS/trial135/source_pair.png,data/RMTS/trial135/target1_pair.png,data/RMTS/trial135/target2_pair.png,63.0,square,green,large,data/RMTS/trial135/source1.png,63.0,square,green,large,data/RMTS/trial135/source2.png,10.0,triangle,black,small,data/RMTS/trial135/target1_1.png,8.0,triangle,saddlebrown,small,data/RMTS/trial135/target1_2.png,56.0,circle,saddlebrown,small,data/RMTS/trial135/target2_1.png,56.0,circle,saddlebrown,small,data/RMTS/trial135/target2_2.png
sameColor,1.0,data/RMTS/trial136/trial.png,data/RMTS/trial136/source_pair.png,data/RMTS/trial136/target1_pair.png,data/RMTS/trial136/target2_pair.png,64.0,square,blue,small,data/RMTS/trial136/source1.png,64.0,square,blue,small,data/RMTS/trial136/source2.png,33.0,heart,saddlebrown,large,data/RMTS/trial136/target1_1.png,33.0,heart,saddlebrown,large,data/RMTS/trial136/target1_2.png,69.0,square,saddlebrown,large,data/RMTS/trial136/target2_1.png,65.0,square,blue,large,data/RMTS/trial136/target2_2.png
sameColor,1.0,data/RMTS/trial137/trial.png,data/RMTS/trial137/source_pair.png,data/RMTS/trial137/target1_pair.png,data/RMTS/trial137/target2_pair.png,65.0,square,blue,large,data/RMTS/trial137/source1.png,65.0,square,blue,large,data/RMTS/trial137/source2.png,24.0,heart,red,small,data/RMTS/trial137/target1_1.png,24.0,heart,red,small,data/RMTS/trial137/target1_2.png,37.0,cross,red,large,data/RMTS/trial137/target2_1.png,45.0,cross,saddlebrown,large,data/RMTS/trial137/target2_2.png
sameColor,2.0,data/RMTS/trial138/trial.png,data/RMTS/trial138/source_pair.png,data/RMTS/trial138/target1_pair.png,data/RMTS/trial138/target2_pair.png,66.0,square,purple,small,data/RMTS/trial138/source1.png,66.0,square,purple,small,data/RMTS/trial138/source2.png,63.0,square,green,large,data/RMTS/trial138/target1_1.png,65.0,square,blue,large,data/RMTS/trial138/target1_2.png,36.0,cross,red,small,data/RMTS/trial138/target2_1.png,36.0,cross,red,small,data/RMTS/trial138/target2_2.png
sameColor,1.0,data/RMTS/trial139/trial.png,data/RMTS/trial139/source_pair.png,data/RMTS/trial139/target1_pair.png,data/RMTS/trial139/target2_pair.png,67.0,square,purple,large,data/RMTS/trial139/source1.png,67.0,square,purple,large,data/RMTS/trial139/source2.png,45.0,cross,saddlebrown,large,data/RMTS/trial139/target1_1.png,45.0,cross,saddlebrown,large,data/RMTS/trial139/target1_2.png,9.0,triangle,saddlebrown,large,data/RMTS/trial139/target2_1.png,5.0,triangle,blue,large,data/RMTS/trial139/target2_2.png
sameColor,1.0,data/RMTS/trial140/trial.png,data/RMTS/trial140/source_pair.png,data/RMTS/trial140/target1_pair.png,data/RMTS/trial140/target2_pair.png,68.0,square,saddlebrown,small,data/RMTS/trial140/source1.png,68.0,square,saddlebrown,small,data/RMTS/trial140/source2.png,10.0,triangle,black,small,data/RMTS/trial140/target1_1.png,10.0,triangle,black,small,data/RMTS/trial140/target1_2.png,19.0,star,purple,large,data/RMTS/trial140/target2_1.png,17.0,star,blue,large,data/RMTS/trial140/target2_2.png
sameColor,2.0,data/RMTS/trial141/trial.png,data/RMTS/trial141/source_pair.png,data/RMTS/trial141/target1_pair.png,data/RMTS/trial141/target2_pair.png,69.0,square,saddlebrown,large,data/RMTS/trial141/source1.png,69.0,square,saddlebrown,large,data/RMTS/trial141/source2.png,61.0,square,red,large,data/RMTS/trial141/target1_1.png,63.0,square,green,large,data/RMTS/trial141/target1_2.png,22.0,star,black,small,data/RMTS/trial141/target2_1.png,22.0,star,black,small,data/RMTS/trial141/target2_2.png
sameColor,2.0,data/RMTS/trial142/trial.png,data/RMTS/trial142/source_pair.png,data/RMTS/trial142/target1_pair.png,data/RMTS/trial142/target2_pair.png,70.0,square,black,small,data/RMTS/trial142/source1.png,70.0,square,black,small,data/RMTS/trial142/source2.png,61.0,square,red,large,data/RMTS/trial142/target1_1.png,65.0,square,blue,large,data/RMTS/trial142/target1_2.png,51.0,circle,green,large,data/RMTS/trial142/target2_1.png,51.0,circle,green,large,data/RMTS/trial142/target2_2.png
sameColor,1.0,data/RMTS/trial143/trial.png,data/RMTS/trial143/source_pair.png,data/RMTS/trial143/target1_pair.png,data/RMTS/trial143/target2_pair.png,71.0,square,black,large,data/RMTS/trial143/source1.png,71.0,square,black,large,data/RMTS/trial143/source2.png,31.0,heart,purple,large,data/RMTS/trial143/target1_1.png,31.0,heart,purple,large,data/RMTS/trial143/target1_2.png,1.0,triangle,red,large,data/RMTS/trial143/target2_1.png,3.0,triangle,green,large,data/RMTS/trial143/target2_2.png
diffSize,1.0,data/RMTS/trial150/trial.png,data/RMTS/trial150/source_pair.png,data/RMTS/trial150/target1_pair.png,data/RMTS/trial150/target2_pair.png,6.0,triangle,purple,small,data/RMTS/trial150/source1.png,7.0,triangle,purple,large,data/RMTS/trial150/source2.png,70.0,square,black,small,data/RMTS/trial150/target1_1.png,71.0,square,black,large,data/RMTS/trial150/target1_2.png,18.0,star,purple,small,data/RMTS/trial150/target2_1.png,18.0,star,purple,small,data/RMTS/trial150/target2_2.png
diffSize,1.0,data/RMTS/trial158/trial.png,data/RMTS/trial158/source_pair.png,data/RMTS/trial158/target1_pair.png,data/RMTS/trial158/target2_pair.png,14.0,star,green,small,data/RMTS/trial158/source1.png,15.0,star,green,large,data/RMTS/trial158/source2.png,66.0,square,purple,small,data/RMTS/trial158/target1_1.png,67.0,square,purple,large,data/RMTS/trial158/target1_2.png,40.0,cross,blue,small,data/RMTS/trial158/target2_1.png,40.0,cross,blue,small,data/RMTS/trial158/target2_2.png
diffSize,1.0,data/RMTS/trial166/trial.png,data/RMTS/trial166/source_pair.png,data/RMTS/trial166/target1_pair.png,data/RMTS/trial166/target2_pair.png,22.0,star,black,small,data/RMTS/trial166/source1.png,23.0,star,black,large,data/RMTS/trial166/source2.png,0.0,triangle,red,small,data/RMTS/trial166/target1_1.png,1.0,triangle,red,large,data/RMTS/trial166/target1_2.png,10.0,triangle,black,small,data/RMTS/trial166/target2_1.png,10.0,triangle,black,small,data/RMTS/trial166/target2_2.png
diffSize,1.0,data/RMTS/trial172/trial.png,data/RMTS/trial172/source_pair.png,data/RMTS/trial172/target1_pair.png,data/RMTS/trial172/target2_pair.png,28.0,heart,blue,small,data/RMTS/trial172/source1.png,29.0,heart,blue,large,data/RMTS/trial172/source2.png,10.0,triangle,black,small,data/RMTS/trial172/target1_1.png,11.0,triangle,black,large,data/RMTS/trial172/target1_2.png,32.0,heart,saddlebrown,small,data/RMTS/trial172/target2_1.png,32.0,heart,saddlebrown,small,data/RMTS/trial172/target2_2.png
diffSize,1.0,data/RMTS/trial178/trial.png,data/RMTS/trial178/source_pair.png,data/RMTS/trial178/target1_pair.png,data/RMTS/trial178/target2_pair.png,34.0,heart,black,small,data/RMTS/trial178/source1.png,35.0,heart,black,large,data/RMTS/trial178/source2.png,66.0,square,purple,small,data/RMTS/trial178/target1_1.png,67.0,square,purple,large,data/RMTS/trial178/target1_2.png,68.0,square,saddlebrown,small,data/RMTS/trial178/target2_1.png,68.0,square,saddlebrown,small,data/RMTS/trial178/target2_2.png
diffSize,1.0,data/RMTS/trial180/trial.png,data/RMTS/trial180/source_pair.png,data/RMTS/trial180/target1_pair.png,data/RMTS/trial180/target2_pair.png,36.0,cross,red,small,data/RMTS/trial180/source1.png,37.0,cross,red,large,data/RMTS/trial180/source2.png,16.0,star,blue,small,data/RMTS/trial180/target1_1.png,17.0,star,blue,large,data/RMTS/trial180/target1_2.png,20.0,star,saddlebrown,small,data/RMTS/trial180/target2_1.png,20.0,star,saddlebrown,small,data/RMTS/trial180/target2_2.png
diffSize,1.0,data/RMTS/trial182/trial.png,data/RMTS/trial182/source_pair.png,data/RMTS/trial182/target1_pair.png,data/RMTS/trial182/target2_pair.png,38.0,cross,green,small,data/RMTS/trial182/source1.png,39.0,cross,green,large,data/RMTS/trial182/source2.png,24.0,heart,red,small,data/RMTS/trial182/target1_1.png,25.0,heart,red,large,data/RMTS/trial182/target1_2.png,44.0,cross,saddlebrown,small,data/RMTS/trial182/target2_1.png,44.0,cross,saddlebrown,small,data/RMTS/trial182/target2_2.png
diffSize,1.0,data/RMTS/trial186/trial.png,data/RMTS/trial186/source_pair.png,data/RMTS/trial186/target1_pair.png,data/RMTS/trial186/target2_pair.png,42.0,cross,purple,small,data/RMTS/trial186/source1.png,43.0,cross,purple,large,data/RMTS/trial186/source2.png,58.0,circle,black,small,data/RMTS/trial186/target1_1.png,59.0,circle,black,large,data/RMTS/trial186/target1_2.png,2.0,triangle,green,small,data/RMTS/trial186/target2_1.png,2.0,triangle,green,small,data/RMTS/trial186/target2_2.png
diffSize,1.0,data/RMTS/trial194/trial.png,data/RMTS/trial194/source_pair.png,data/RMTS/trial194/target1_pair.png,data/RMTS/trial194/target2_pair.png,50.0,circle,green,small,data/RMTS/trial194/source1.png,51.0,circle,green,large,data/RMTS/trial194/source2.png,18.0,star,purple,small,data/RMTS/trial194/target1_1.png,19.0,star,purple,large,data/RMTS/trial194/target1_2.png,16.0,star,blue,small,data/RMTS/trial194/target2_1.png,16.0,star,blue,small,data/RMTS/trial194/target2_2.png
diffSize,1.0,data/RMTS/trial202/trial.png,data/RMTS/trial202/source_pair.png,data/RMTS/trial202/target1_pair.png,data/RMTS/trial202/target2_pair.png,58.0,circle,black,small,data/RMTS/trial202/source1.png,59.0,circle,black,large,data/RMTS/trial202/source2.png,68.0,square,saddlebrown,small,data/RMTS/trial202/target1_1.png,69.0,square,saddlebrown,large,data/RMTS/trial202/target1_2.png,56.0,circle,saddlebrown,small,data/RMTS/trial202/target2_1.png,56.0,circle,saddlebrown,small,data/RMTS/trial202/target2_2.png
diffSize,1.0,data/RMTS/trial210/trial.png,data/RMTS/trial210/source_pair.png,data/RMTS/trial210/target1_pair.png,data/RMTS/trial210/target2_pair.png,66.0,square,purple,small,data/RMTS/trial210/source1.png,67.0,square,purple,large,data/RMTS/trial210/source2.png,28.0,heart,blue,small,data/RMTS/trial210/target1_1.png,29.0,heart,blue,large,data/RMTS/trial210/target1_2.png,42.0,cross,purple,small,data/RMTS/trial210/target2_1.png,42.0,cross,purple,small,data/RMTS/trial210/target2_2.png
